{
  "gallery/altair_brushing.ipynb": ["altair"],
  "gallery/gapminders.ipynb": ["altair", "plotly", "hvplot", "matplotlib"],
  "gallery/glaciers.ipynb": ["holoviews", "colorcet", "hvplot"],
  "gallery/hvplot_explorer.ipynb": ["hvplot", "scipy"],
  "gallery/iris_kmeans.ipynb": ["hvplot", "scikit-learn", "bokeh_sampledata"],
  "gallery/nyc_deckgl.ipynb": ["fastparquet", "pyodide-http"],
  "gallery/penguin_crossfilter.ipynb": ["hvplot"],
  "gallery/penguin_kmeans.ipynb": ["altair"],
  "gallery/portfolio_optimizer.ipynb": ["hvplot", "scipy"],
  "gallery/streaming_videostream.ipynb": ["pillow", "scikit-image"],
  "gallery/VTKInteractive.ipynb": ["pyvista"],
  "gallery/VTKSlicer.ipynb": ["holoviews", "scipy"],
  "gallery/windturbines.ipynb": ["hvplot", "fastparquet"],
  "gallery/xgboost_classifier.ipynb": ["pandas", "scikit-learn", "xgboost"],
  "getting_started/build_app.md": ["hvplot", "matplotlib"],
  "how_to/apis/callbacks.md": ["hvplot"],
  "how_to/apis/interact.md": ["hvplot"],
  "how_to/apis/parameterized.md": ["hvplot"],
  "how_to/apis/reactive.md": ["hvplot"],
  "how_to/apis/examples/stocks_hvplot.md": ["hvplot"],
  "how_to/apis/examples/stocks_plotly.md": ["plotly"],
  "how_to/authentication/configuration.md": null,
  "how_to/authentication/providers.md": null,
  "how_to/authentication/user_info.md": null,
  "how_to/caching/manual.md": null,
  "how_to/callbacks/schedule.md": null,
  "how_to/callbacks/server.md": null,
  "how_to/callbacks/session.md": null,
  "how_to/concurrency/loading_balancing.md": null,
  "how_to/concurrency/manual_threading.md": null,
  "how_to/concurrency/processes.md": null,
  "how_to/concurrency/threading.md": null,
  "how_to/custom_components/examples/plot_viewer.md": ["hvplot"],
  "how_to/deployment/ae5.md": null,
  "how_to/deployment/azure.md": null,
  "how_to/deployment/binder.md": null,
  "how_to/deployment/gcp.md": null,
  "how_to/deployment/heroku.md": null,
  "how_to/deployment/huggingface.md": null,
  "how_to/display/editor.md": null,
  "how_to/display/jupyterlab.md": null,
  "how_to/export/embedding.md": null,
  "how_to/export/saving.md": null,
  "how_to/integrations/Django.md": null,
  "how_to/integrations/FastAPI.md": null,
  "how_to/integrations/flask.md": null,
  "how_to/interactivity/hvplot_interactive.md": ["hvplot"],
  "how_to/io/download_simple.md": ["XlsxWriter", "fastparquet"],
  "how_to/layout/examples/dynamic_tabs.md": ["altair", "vega-datasets", "hvplot", "matplotlib", "plotly"],
  "how_to/links/examples/holoviews_glyph_link.md": ["holoviews"],
  "how_to/links/examples/plotly_link.md": ["plotly"],
  "how_to/param/examples/loading.md": ["holoviews"],
  "how_to/pipeline/complex_pipeline.md": ["holoviews"],
  "how_to/pipeline/control_flow.md": ["holoviews"],
  "how_to/pipeline/pipeline_layout.md": ["holoviews"],
  "how_to/pipeline/simple_pipeline.md": ["holoviews"],
  "how_to/profiling/admin.md": null,
  "how_to/profiling/logs.md": null,
  "how_to/profiling/profile.md": null,
  "how_to/server/commandline.md": null,
  "how_to/server/multiple.md": null,
  "how_to/server/programmatic.md": null,
  "how_to/server/proxy.md": null,
  "how_to/server/ssh.md": null,
  "how_to/server/static_files.md": null,
  "how_to/state/request.md": null,
  "how_to/state/url.md": null,
  "how_to/template/template_arrange.md": null,
  "how_to/template/template_custom.md": null,
  "how_to/template/template_modal.md": null,
  "how_to/template/template_set.md": null,
  "how_to/test/loadtests.md": null,
  "how_to/test/pytest.md": null,
  "how_to/test/uitests.md": null,
  "how_to/wasm/convert.md": null,
  "how_to/wasm/jupyterlite.md": null,
  "how_to/wasm/sphinx.md": null,
  "how_to/wasm/standalone.md": null,
  "reference/layouts/GridSpec.ipynb": ["holoviews"],
  "reference/layouts/GridStack.ipynb": ["holoviews"],
  "reference/layouts/Swipe.ipynb": ["hvplot", "scipy"],
  "reference/panes/Audio.ipynb": ["scipy"],
  "reference/panes/DataFrame.ipynb": ["streamz", "bokeh_sampledata"],
  "reference/panes/DeckGL.ipynb": ["pydeck"],
  "reference/panes/ECharts.ipynb": ["pyecharts"],
  "reference/panes/Folium.ipynb": ["folium"],
  "reference/panes/HoloViews.ipynb": ["hvplot", "matplotlib", "plotly", "scipy"],
  "reference/panes/IPyWidget.ipynb": ["ipywidgets", "ipyvolume", "ipyleaflet", "ipywidgets_bokeh"],
  "reference/panes/Matplotlib.ipynb": ["matplotlib", "ipywidgets", "ipympl", "ipywidgets_bokeh"],
  "reference/panes/Param.ipynb": ["hvplot"],
  "reference/panes/Plotly.ipynb": ["plotly"],
  "reference/panes/Reacton.ipynb": ["reacton", "pandas", "jupyter_bokeh"],
  "reference/panes/Streamz.ipynb": ["streamz", "altair", "pandas"],
  "reference/panes/Textual.ipynb": null,
  "reference/panes/Vega.ipynb": ["altair", "vega_datasets"],
  "reference/panes/VTK.ipynb": ["vtk", "pyvista"],
  "reference/panes/VTKJS.ipynb": ["pyodide-http"],
  "reference/panes/VTKVolume.ipynb": ["pyvista"],
  "reference/templates/Bootstrap.ipynb": ["holoviews"],
  "reference/templates/FastGridTemplate.ipynb": ["holoviews"],
  "reference/templates/FastListTemplate.ipynb": ["holoviews"],
  "reference/templates/GoldenLayout.ipynb": ["holoviews"],
  "reference/templates/Material.ipynb": ["holoviews"],
  "reference/templates/React.ipynb": ["holoviews"],
  "reference/templates/Vanilla.ipynb": ["holoviews"],
  "reference/widgets/DataFrame.ipynb": ["bokeh_sampledata"],
  "reference/widgets/Tabulator.ipynb": ["bokeh_sampledata"],
  "reference/widgets/FileDownload.ipynb": ["bokeh_sampledata"]
}
